"RutC","Mail"
"10064831-2","Ignacio.Tor@yahoo.com"
"10108040-k","Alex.God@outlook.com"
"10125184-2","Luna.Ram@outlook.com"
"10175302-0","Catalina.Nuñ@yahoo.com"
"10195028-0","Sebastian.Sua@outlook.com"
"10254708-9","Facundo.Aco@outlook.com"
"10254802-8","Marisol.God@yahoo.com"
"10274120-1","Tamara.Mar@yahoo.com"
"10284246-7","Tamara.Lop@outlook.com"
"10297836-4","Isabel.Alv@yahoo.com"
"10304805-0","Felipe.Mar@outlook.com"
"10313654-k","Isabel.Qui@gmail.com"
"10335401-2","Angel.Roj@yahoo.com"
"10342678-8","Andres.Fer@yahoo.com"
"10348169-5","Paula.Ben@gmail.com"
"10425256-0","Bianca.Per@outlook.com"
"10428168-8","Raul.Agu@yahoo.com"
"10441269-7","Ivan.Gut@outlook.com"
"10444682-9","Joaquin.Mar@gmail.com"
"10459593-0","Tamara.Rui@yahoo.com"
"10462208-2","Raul.Per@yahoo.com"
"10574225-1","Carolina.Gut@outlook.com"
"10581922-6","Luna.Qui@gmail.com"
"10600584-6","Andrea.Cas@gmail.com"
"10605365-3","Ivan.Nuñ@yahoo.com"
"10627199-5","Tamara.Lop@gmail.com"
"10631083-4","Catalina.Mol@outlook.com"
"10646561-4","Sofia.San@yahoo.com"
"10667240-k","Juan.Agu@outlook.com"
"10670426-k","Juan.Veg@gmail.com"
"10686854-8","Paulina.Muñ@yahoo.com"
"10693941-0","Diego.Mol@outlook.com"
"10696260-1","Antonio.Rio@outlook.com"
"10715773-7","Maria.Nuñ@yahoo.com"
"10727844-8","Laura.Aco@outlook.com"
"10754194-8","Francisca.Tor@yahoo.com"
"10766762-5","Carlos.Fer@gmail.com"
"10767560-9","Carlos.Rom@yahoo.com"
"10774675-3","Ana.Sos@gmail.com"
"10790424-1","Javier.Roj@outlook.com"
"10798961-2","Bianca.Rom@outlook.com"
"10830089-0","Francisca.Med@gmail.com"
"10888624-8","Fernando.Tor@gmail.com"
"10908890-4","Pablo.Tor@yahoo.com"
"10913321-4","Javier.Per@gmail.com"
"10915947-6","Carlos.Agu@yahoo.com"
"10917145-6","Nicole.Rom@gmail.com"
"10939100-6","Luna.Per@yahoo.com"
"10945442-k","Ian.Lop@outlook.com"
"10947857-0","Bruno.Her@outlook.com"
"10987100-k","Luis.Mol@yahoo.com"
"10992083-4","Felipe.Tor@gmail.com"
"10999391-6","Dylan.Bue@gmail.com"
"11007082-7","Ivan.Qui@outlook.com"
"11011210-1","Ian.Rod@outlook.com"
"11034471-3","Sofia.Ram@yahoo.com"
"11048591-7","Camilo.Sil@outlook.com"
"11048683-5","Sofia.Sil@gmail.com"
"11061492-2","Felipe.Lop@yahoo.com"
"11068671-k","Gabriela.Gut@yahoo.com"
"11123018-7","Valeria.Mar@gmail.com"
"11148305-4","Celeste.Tor@outlook.com"
"11188506-k","Macarena.Sil@yahoo.com"
"11202355-8","Ivan.Nuñ@yahoo.com"
"11203862-k","Natalia.Rom@yahoo.com"
"11227028-5","Pedro.Dia@gmail.com"
"11292358-5","Tamara.Mar@outlook.com"
"11310988-4","Luis.San@gmail.com"
"11336301-8","Sofia.Cas@yahoo.com"
"11352923-2","Luna.Qui@yahoo.com"
"11369817-0","Alfredo.Gar@outlook.com"
"11386599-3","Flor.Alv@outlook.com"
"11428132-4","Ivan.God@gmail.com"
"11454209-4","Matias.Alv@outlook.com"
"11490785-4","Isidora.Flo@gmail.com"
"11499588-0","Alex.Roj@gmail.com"
"11522656-7","Natalia.Alv@yahoo.com"
"11558474-8","Joaquin.Qui@gmail.com"
"11578148-6","Ivan.Mol@yahoo.com"
"11617022-8","Pedro.Her@outlook.com"
"11655553-0","Andrea.Sua@gmail.com"
"11662701-5","Sara.Mar@gmail.com"
"11665981-8","Fernando.Muñ@yahoo.com"
"11666789-9","Ivan.Per@gmail.com"
"11682461-5","Bianca.God@outlook.com"
"11685160-k","Tamara.Flo@outlook.com"
"11700326-1","Daniel.Qui@gmail.com"
"11702686-7","Camilo.Gom@yahoo.com"
"11713289-4","Javier.Ram@outlook.com"
"11726357-3","Isidora.Alv@yahoo.com"
"11751504-6","Sam.Rod@yahoo.com"
"11756496-7","Sofia.Ben@outlook.com"
"11761984-4","Pablo.Lop@gmail.com"
"11781936-9","Elena.Gar@gmail.com"
"11810558-3","Ximena.Fer@yahoo.com"
"11830357-4","Antonio.Aco@outlook.com"
"11836950-7","Matias.Rio@gmail.com"
"11846904-7","Facundo.God@outlook.com"
"11893748-7","Enrique.Gar@gmail.com"
"11894783-5","Ana.Med@outlook.com"
"11896298-8","Alan.Mar@outlook.com"
"11902049-k","Natalia.Gar@yahoo.com"
"11907362-2","Daniel.Mar@yahoo.com"
"11943813-5","Alex.San@outlook.com"
"11947826-6","Nicolas.Veg@gmail.com"
"11966213-6","Pamela.Rom@outlook.com"
"12026162-1","Rafael.Fer@gmail.com"
"12086364-5","Hugo.San@outlook.com"
"12108855-5","Ivan.Her@outlook.com"
"12141655-1","Sara.Gom@gmail.com"
"12161292-9","Sam.Mar@yahoo.com"
"12193723-9","Matias.Rom@outlook.com"
"12207875-4","Pedro.Per@yahoo.com"
"12216436-8","Luis.Lop@gmail.com"
"12224854-7","Julian.Rod@yahoo.com"
"12226775-0","Ricardo.Gon@outlook.com"
"12288787-1","Alfredo.Tor@yahoo.com"
"12294463-4","Matias.Gar@yahoo.com"
"12327502-7","Esteban.Gom@gmail.com"
"12373064-2","Ivan.Muñ@outlook.com"
"12398878-3","Camilo.Mor@outlook.com"
"12419793-2","Pablo.Qui@gmail.com"
"12460133-7","Sofia.Lop@gmail.com"
"12484992-8","Lucas.Mar@yahoo.com"
"12562035-6","Bianca.Lop@outlook.com"
"12604212-5","Hugo.Ram@yahoo.com"
"12611884-7","Paula.Lop@gmail.com"
"12613352-5","Laura.God@yahoo.com"
"12621014-3","Felipe.Per@yahoo.com"
"12635560-3","Carlos.Rom@gmail.com"
"12690699-2","Juan.Gon@gmail.com"
"12698243-9","Ricardo.Qui@gmail.com"
"12700058-5","Daniela.Rom@outlook.com"
"12773333-3","Pablo.Mar@outlook.com"
"12776718-2","Daniela.Dia@yahoo.com"
"12777311-7","Paula.Veg@outlook.com"
"12779727-2","David.Nuñ@yahoo.com"
"12828180-2","Francisca.Per@yahoo.com"
"12867277-k","Natalia.Ram@outlook.com"
"12877558-6","Sofia.Bue@gmail.com"
"12879017-0","Sofia.San@outlook.com"
"12885989-2","Bianca.Qui@gmail.com"
"12906102-7","Carlos.Aco@gmail.com"
"12934558-4","Benjamin.Rio@yahoo.com"
"12964476-k","Sam.Ben@outlook.com"
"12977668-4","Juan.Gut@outlook.com"
"13033426-2","Nicolas.Fer@yahoo.com"
"13051287-4","Matias.Rom@gmail.com"
"13051844-8","Sara.Rio@gmail.com"
"13056001-k","Raul.Rio@yahoo.com"
"13080141-3","Sebastian.Gom@outlook.com"
"13087068-8","Ian.Tor@outlook.com"
"13114612-9","Max.Qui@gmail.com"
"13138149-8","Camilo.Mol@outlook.com"
"13158500-6","Paulina.San@yahoo.com"
"13176940-k","Elena.Per@yahoo.com"
"13177183-6","Pablo.Tor@gmail.com"
"13180437-2","Sebastian.Mar@gmail.com"
"13253355-2","Tamara.Agu@yahoo.com"
"13327869-1","Valeria.Veg@yahoo.com"
"13386466-k","Carlos.Roj@gmail.com"
"13395070-4","Isidora.Rio@gmail.com"
"13421144-k","Flor.God@outlook.com"
"13472983-4","Ignacio.God@gmail.com"
"13495835-8","Fernando.Veg@outlook.com"
"13541770-5","Facundo.Agu@gmail.com"
"13552992-3","Joaquin.Rom@yahoo.com"
"13559609-8","Valeria.Rui@gmail.com"
"13595142-k","Nicole.Roj@yahoo.com"
"13603059-3","Marisol.Bue@yahoo.com"
"13605305-4","Ian.Gon@outlook.com"
"13607666-0","Bianca.Per@gmail.com"
"13615018-5","Ignacio.Agu@gmail.com"
"13635774-5","Bruno.Tor@outlook.com"
"13644034-0","Marisol.Veg@gmail.com"
"13667876-1","Pedro.Sil@yahoo.com"
"13675642-2","Roberto.Qui@outlook.com"
"13676803-6","Alex.Tor@yahoo.com"
"13697469-8","Francisca.Gut@yahoo.com"
"13715843-9","Roberto.Gon@outlook.com"
"13736347-9","Ximena.Rui@outlook.com"
"13758816-9","Raul.Aco@outlook.com"
"13765219-4","Francisca.Tor@outlook.com"
"13767180-8","Emilio.Gom@outlook.com"
"13781120-9","Celeste.Lop@outlook.com"
"13798388-0","Macarena.God@gmail.com"
"13806504-0","Maria.Flo@gmail.com"
"13822374-8","Joaquin.Sos@gmail.com"
"13823508-k","Lucas.Gom@yahoo.com"
"13828326-k","Pamela.Qui@outlook.com"
"13856700-2","Camilo.Rui@gmail.com"
"13867565-2","Karla.Gar@gmail.com"
"13917978-3","Daniela.Nuñ@yahoo.com"
"13921351-0","Hugo.Cas@gmail.com"
"13940979-6","Camilo.Aco@gmail.com"
"14016140-1","Valeria.Agu@yahoo.com"
"14027767-0","Flor.Sua@gmail.com"
"14033225-8","Luis.Mar@gmail.com"
"14044949-2","Flor.Sua@gmail.com"
"14061309-k","Andrea.Bue@yahoo.com"
"14084419-3","Enrique.Tor@gmail.com"
"14105296-k","Julieta.Per@outlook.com"
"14138650-4","Luis.Fer@gmail.com"
"14145803-6","Daniel.Qui@yahoo.com"
"14149723-3","Elena.Sua@gmail.com"
"14171726-6","Isidora.Mol@yahoo.com"
"14218125-7","Camilo.Sos@gmail.com"
"14228135-6","Enrique.God@yahoo.com"
"14253634-7","Paulina.Tor@gmail.com"
"14276815-2","Isidora.Per@outlook.com"
"14284377-k","Alex.Rod@gmail.com"
"14290120-7","Camilo.Gut@outlook.com"
"14298983-4","Alex.Mar@yahoo.com"
"14300378-8","Sebastian.Rui@gmail.com"
"14332169-k","Juan.Aco@yahoo.com"
"14332941-7","Marisol.Rio@yahoo.com"
"14335613-8","Max.Her@gmail.com"
"14337411-0","Joaquin.Gon@gmail.com"
"14341626-9","Sofia.Sil@outlook.com"
"14348444-2","Max.Sua@gmail.com"
"14387015-7","Alan.Rui@gmail.com"
"14401608-5","Ignacio.Rom@gmail.com"
"14412228-k","Ana.Mor@outlook.com"
"14423549-4","Alfredo.Ram@outlook.com"
"14425090-8","Pedro.Rio@yahoo.com"
"14427648-k","Carlos.Cas@gmail.com"
"14439096-2","Daniel.Rio@gmail.com"
"14487518-3","Flor.Ben@gmail.com"
"14488058-6","Luis.Med@outlook.com"
"14524782-6","Gabriela.Dia@gmail.com"
"14553164-2","Antonio.San@yahoo.com"
"14556123-k","Ignacio.Rod@yahoo.com"
"14558175-k","Constanza.Alv@gmail.com"
"14599165-7","Pablo.Roj@gmail.com"
"14599488-k","Paula.Fer@outlook.com"
"14609900-6","Javier.Flo@gmail.com"
"14616063-6","Ana.Med@gmail.com"
"14625618-9","Ricardo.Muñ@gmail.com"
"14691783-5","Constanza.Mar@gmail.com"
"14701782-6","Karla.Mol@yahoo.com"
"14719222-4","Antonio.Aco@gmail.com"
"14724071-3","Marisol.San@gmail.com"
"14725048-7","Rafael.Per@yahoo.com"
"14743796-1","Matias.Per@outlook.com"
"14749709-9","Celeste.San@yahoo.com"
"14768676-8","Sofia.Muñ@gmail.com"
"14769498-0","Ian.Per@gmail.com"
"14770284-4","Ximena.Ram@gmail.com"
"14787470-2","Luis.Muñ@yahoo.com"
"14810129-5","Daniel.Rom@gmail.com"
"14864252-0","Enrique.Rod@outlook.com"
"14905228-k","Ana.Sil@outlook.com"
"14917247-7","Raul.Cas@outlook.com"
"14919705-6","Camilo.Rio@yahoo.com"
"14932061-0","Esteban.Muñ@outlook.com"
"14947436-k","Alfredo.Alv@gmail.com"
"14953110-0","Fernando.Sil@gmail.com"
"14956748-9","Ivan.Cas@yahoo.com"
"14969971-1","Ivan.Fer@gmail.com"
"14995351-5","Pamela.Sos@gmail.com"
"14996634-7","Karla.Nuñ@yahoo.com"
"15009284-4","Pedro.Sil@outlook.com"
"15037830-6","Tamara.Gut@outlook.com"
"15044895-3","Ivan.Ram@outlook.com"
"15061698-8","Daniel.Nuñ@gmail.com"
"15063139-3","Diego.Alv@gmail.com"
"15083138-3","Rebeca.Qui@yahoo.com"
"15098138-5","Julian.Rui@gmail.com"
"15122887-5","Dylan.Muñ@yahoo.com"
"15135343-0","Dylan.Cas@outlook.com"
"15164542-7","Paulina.Flo@outlook.com"
"15165692-9","Facundo.Her@yahoo.com"
"15177835-k","Camilo.Cas@gmail.com"
"15181722-2","Catalina.Gut@yahoo.com"
"15211175-6","Sara.Cas@outlook.com"
"15216115-k","Facundo.Sos@yahoo.com"
"15227805-2","Emilio.Sos@gmail.com"
"15247554-3","Tamara.Mar@gmail.com"
"15282892-2","Alex.Veg@gmail.com"
"15312308-8","Camilo.God@gmail.com"
"15320255-5","Dylan.Mol@yahoo.com"
"15383944-0","Ana.Mar@yahoo.com"
"15395078-9","Elena.Gut@yahoo.com"
"15404981-6","Carlos.Mor@yahoo.com"
"15438523-2","Andrea.Mol@outlook.com"
"15485703-6","Raul.Rio@outlook.com"
"15485877-7","Emilio.Flo@gmail.com"
"15520049-k","Ignacio.Sua@outlook.com"
"15528686-2","Ivan.Med@gmail.com"
"15581031-8","David.Sil@outlook.com"
"15601732-1","Felipe.Mor@gmail.com"
"15605839-1","Valeria.Tor@outlook.com"
"15609542-8","Max.Med@outlook.com"
"15615214-9","Catalina.Mar@yahoo.com"
"15620003-7","Daniel.Rui@outlook.com"
"15633204-k","Ricardo.Mar@outlook.com"
"15638885-2","Daniela.Lop@outlook.com"
"15639527-0","David.Muñ@gmail.com"
"15653202-7","Paula.Mar@outlook.com"
"15668385-1","Maria.Fer@outlook.com"
"15671294-9","Karla.Rod@outlook.com"
"15681363-5","Rafael.Lop@yahoo.com"
"15682738-4","Valentina.Sil@outlook.com"
"15700784-3","Enrique.Mar@gmail.com"
"15706872-k","Bianca.Lop@yahoo.com"
"15707082-0","Matias.Per@outlook.com"
"15738269-9","Enrique.Qui@gmail.com"
"15775046-3","Enrique.Sua@gmail.com"
"15796743-5","Alfredo.Sos@gmail.com"
"15863818-8","Ana.Fer@gmail.com"
"15866308-9","Gabriela.God@gmail.com"
"15887640-7","Roberto.Aco@yahoo.com"
"15918301-2","Laura.Gar@gmail.com"
"15979046-4","Sebastian.Mar@gmail.com"
"15980862-0","Julian.Rui@outlook.com"
"15981330-2","Joaquin.Ram@yahoo.com"
"16009131-2","Javier.Roj@yahoo.com"
"16036699-4","Joaquin.Fer@outlook.com"
"16047416-1","Sam.Mol@gmail.com"
"16086056-k","Pablo.Dia@outlook.com"
"16089346-1","Sofia.Her@yahoo.com"
"16130198-2","Alan.Agu@yahoo.com"
"16155973-3","Elena.Med@outlook.com"
"16167206-3","Bruno.Rod@yahoo.com"
"16171427-0","Laura.Agu@outlook.com"
"16218569-2","Valentina.Rom@yahoo.com"
"16240288-k","Felipe.Mol@gmail.com"
"16267009-9","Alan.Qui@outlook.com"
"16302450-4","Isabel.Ram@yahoo.com"
"16304605-0","Bianca.Tor@outlook.com"
"16315245-4","Sam.Fer@outlook.com"
"16326039-k","Ana.San@gmail.com"
"16362599-2","Rafael.Nuñ@gmail.com"
"16391008-3","Ana.Muñ@yahoo.com"
"16435884-7","Ana.Cas@yahoo.com"
"16491069-4","Alan.Aco@outlook.com"
"16494777-6","Lucas.Gon@gmail.com"
"16518283-8","Lucas.God@yahoo.com"
"16540666-6","Camilo.Aco@outlook.com"
"16542669-k","Esteban.Alv@outlook.com"
"16548211-3","Bruno.Veg@yahoo.com"
"16549557-k","Celeste.Her@yahoo.com"
"16550359-1","Gabriela.Agu@gmail.com"
"16564057-9","Luis.Rio@outlook.com"
"16569650-8","Celeste.Ben@outlook.com"
"16582018-3","Camilo.Roj@gmail.com"
"16593240-k","Joaquin.Gut@yahoo.com"
"16604405-0","Ricardo.Dia@outlook.com"
"16629894-8","Dylan.Rod@yahoo.com"
"16632628-2","Luis.Aco@gmail.com"
"16636715-1","Luis.Gut@yahoo.com"
"16639599-3","Nicole.Med@gmail.com"
"16653880-4","Isidora.Rom@gmail.com"
"16677394-1","Alan.Sil@outlook.com"
"16710780-9","Alfredo.Ben@outlook.com"
"16728871-1","Angel.Flo@gmail.com"
"16733473-6","Sofia.Rui@gmail.com"
"16823495-5","Gabriela.Agu@outlook.com"
"16843845-5","Sara.Mar@gmail.com"
"16846561-4","Pamela.Veg@outlook.com"
"16871053-k","Ximena.Tor@yahoo.com"
"16873584-0","Benjamin.Dia@yahoo.com"
"16891185-0","Joaquin.Per@outlook.com"
"16895570-k","Julian.Roj@gmail.com"
"16895893-1","Laura.Dia@outlook.com"
"16900639-3","Gabriela.Cas@gmail.com"
"16944184-0","Celeste.Qui@outlook.com"
"16969641-2","Esteban.Veg@yahoo.com"
"16987731-k","Andrea.Med@outlook.com"
"17019466-4","Luis.Mar@yahoo.com"
"17040350-6","Juan.San@yahoo.com"
"17063081-1","Joaquin.Alv@outlook.com"
"17109965-3","Celeste.Rom@yahoo.com"
"17122728-2","Luis.Ram@yahoo.com"
"17175310-k","Rafael.Sua@yahoo.com"
"17206394-k","Isabel.Sos@outlook.com"
"17210477-3","Pamela.Muñ@outlook.com"
"17219279-2","Joaquin.Lop@yahoo.com"
"17227305-k","Francisca.Rio@gmail.com"
"17227791-4","Alex.Per@yahoo.com"
"17230815-1","Facundo.Sil@gmail.com"
"17266587-6","Nicolas.God@gmail.com"
"17280525-7","Paulina.Lop@gmail.com"
"17301659-7","Luis.Ben@outlook.com"
"17303307-9","Camilo.Gut@yahoo.com"
"17329272-3","Matias.Roj@yahoo.com"
"17352948-1","Daniel.God@yahoo.com"
"17363606-8","Carolina.Mol@outlook.com"
"17371250-5","Pablo.Agu@outlook.com"
"17372403-3","Daniel.Gar@gmail.com"
"17394153-6","Ricardo.Mar@outlook.com"
"17396524-6","Nicole.Veg@outlook.com"
"17442488-5","Dylan.Gar@gmail.com"
"17461264-7","Felipe.Alv@yahoo.com"
"17464763-7","Sam.Rui@gmail.com"
"17482590-7","Rafael.Rod@outlook.com"
"17490348-7","Camilo.Alv@yahoo.com"
"17494047-6","Andrea.Gut@outlook.com"
"17511451-0","Karla.Mor@yahoo.com"
"17548863-0","Maria.Gut@yahoo.com"
"17585173-4","Natalia.Bue@gmail.com"
"17626467-5","Esteban.Mol@gmail.com"
"17631522-4","Ana.Mar@outlook.com"
"17631731-6","Catalina.Med@yahoo.com"
"17654326-2","Fernando.Med@gmail.com"
"17654539-7","Ignacio.Tor@yahoo.com"
"17660096-9","Sofia.Med@yahoo.com"
"17661672-0","Ana.Rui@gmail.com"
"17705078-1","Lucas.God@outlook.com"
"17711142-1","Lucas.Mol@outlook.com"
"17741706-1","Ignacio.Sos@outlook.com"
"17777198-7","Isidora.Veg@gmail.com"
"17785357-0","Julieta.San@outlook.com"
"17800863-3","Roberto.Sua@outlook.com"
"17817723-4","Esteban.Gar@outlook.com"
"17851180-7","Ricardo.Sos@outlook.com"
"17878980-0","Fernando.Ram@outlook.com"
"17901282-5","David.Lop@outlook.com"
"17917980-6","Pedro.Veg@gmail.com"
"17933811-5","Celeste.Per@outlook.com"
"17960078-1","Paulina.Gut@outlook.com"
"17978698-2","Antonio.God@yahoo.com"
"17978708-k","Camilo.Veg@gmail.com"
"18065628-4","Diego.Qui@gmail.com"
"18077782-k","Joaquin.Tor@gmail.com"
"18098095-1","Carlos.Flo@gmail.com"
"18115594-7","Alex.Rod@outlook.com"
"18119019-k","Bruno.Fer@outlook.com"
"18129935-1","Sam.Agu@gmail.com"
"18131389-7","Valeria.Gut@yahoo.com"
"18134625-4","Julieta.Dia@gmail.com"
"18201436-4","Javier.Nuñ@gmail.com"
"18216760-0","Alan.Rui@gmail.com"
"18217122-7","Bruno.Gon@yahoo.com"
"18217236-8","Pamela.Muñ@outlook.com"
"18228449-k","Sebastian.Rom@outlook.com"
"18247213-3","Nicolas.Gar@yahoo.com"
"18288907-0","Esteban.Lop@outlook.com"
"18299515-4","Benjamin.Tor@gmail.com"
"18303877-7","Maria.Mar@yahoo.com"
"18317364-7","Luis.Sil@outlook.com"
"18324513-2","Emilio.Ram@gmail.com"
"18362451-1","Celeste.Dia@gmail.com"
"18407045-3","Tamara.Mor@outlook.com"
"18437929-9","Diego.Dia@gmail.com"
"18450769-6","Pamela.Cas@yahoo.com"
"18474437-5","Julieta.Med@gmail.com"
"18492641-k","Esteban.God@yahoo.com"
"18516050-1","Roberto.Gar@yahoo.com"
"18552186-0","Joaquin.Sua@gmail.com"
"18572600-8","Pablo.Sua@gmail.com"
"18606698-6","Javier.Rio@yahoo.com"
"18626693-2","Francisca.Flo@outlook.com"
"18630809-0","Rafael.God@yahoo.com"
"18631120-9","Esteban.Lop@gmail.com"
"18636428-8","Ignacio.Flo@yahoo.com"
"18636657-k","Pablo.Rio@outlook.com"
"18648095-5","Fernando.Gar@yahoo.com"
"18674335-1","Benjamin.Sua@outlook.com"
"18734319-0","Angel.Sos@outlook.com"
"18740684-8","Ximena.Mar@gmail.com"
"18743719-5","Daniela.Dia@yahoo.com"
"18749851-9","Celeste.Sil@gmail.com"
"18753000-6","Julian.Bue@yahoo.com"
"18807117-1","Juan.Dia@outlook.com"
"18809431-8","Daniel.Muñ@outlook.com"
"18864795-0","Enrique.Sua@yahoo.com"
"18866491-0","Luna.Fer@gmail.com"
"18882428-8","Alfredo.Rom@outlook.com"
"18898465-k","Macarena.Nuñ@gmail.com"
"18940276-3","Catalina.Gut@outlook.com"
"18943805-7","Luna.Alv@outlook.com"
"18948863-4","David.Ram@gmail.com"
"18963549-0","Paulina.Gut@gmail.com"
"18992562-0","Valentina.Gom@outlook.com"
"19026961-3","Enrique.Sua@outlook.com"
"19033204-3","Marisol.Flo@gmail.com"
"19046212-3","Ivan.Rom@gmail.com"
"19092277-7","Alfredo.Flo@gmail.com"
"19117513-4","Javier.Rio@gmail.com"
"19140605-6","Facundo.Nuñ@yahoo.com"
"19156540-8","David.Bue@outlook.com"
"19174079-1","Catalina.Gon@gmail.com"
"19184600-0","Benjamin.Sua@gmail.com"
"19193124-4","Pablo.Gon@yahoo.com"
"19204276-2","Joaquin.Sos@gmail.com"
"19225627-2","Andres.Sua@yahoo.com"
"19252941-5","Alfredo.Sos@gmail.com"
"19255050-9","Valeria.Sua@outlook.com"
"19259002-8","Nicolas.Agu@gmail.com"
"19278133-8","Elena.Cas@outlook.com"
"19315065-7","Carlos.God@gmail.com"
"19335110-1","Valentina.Rui@yahoo.com"
"19340427-2","Max.Gut@gmail.com"
"19355543-6","Daniela.Lop@gmail.com"
"19363861-8","Valeria.Cas@gmail.com"
"19366069-2","Sara.God@gmail.com"
"19417697-k","Maria.Mol@gmail.com"
"19467057-0","Dylan.Dia@outlook.com"
"19469841-5","Karla.Aco@outlook.com"
"19473500-2","Andres.Sua@outlook.com"
"19483637-3","Sofia.San@yahoo.com"
"19486455-7","Sofia.San@yahoo.com"
"19552856-3","Esteban.Her@yahoo.com"
"19554510-1","Pamela.Lop@gmail.com"
"19565542-5","Roberto.Bue@yahoo.com"
"19575731-6","Javier.Veg@yahoo.com"
"19582328-2","Joaquin.Tor@yahoo.com"
"19603331-0","Alfredo.Sos@gmail.com"
"19622993-8","Nicole.Med@yahoo.com"
"19670263-2","Valeria.Per@outlook.com"
"19675443-k","Isidora.Nuñ@gmail.com"
"19746460-9","Camilo.Per@gmail.com"
"19758685-7","Karla.Rom@yahoo.com"
"19769634-2","Luna.Muñ@gmail.com"
"19774171-6","Bianca.Lop@gmail.com"
"19826611-k","Andrea.Flo@yahoo.com"
"19837396-5","Julian.Cas@yahoo.com"
"19859239-6","Luis.Rui@yahoo.com"
"19934401-3","Ivan.Rui@outlook.com"
"19971970-1","Joaquin.Ben@gmail.com"
"20017419-6","Ignacio.Mol@yahoo.com"
"20038299-k","Emilio.Med@outlook.com"
"20050867-7","Karla.Alv@outlook.com"
"20054343-0","Bruno.Sua@outlook.com"
"20058796-1","Camilo.Lop@outlook.com"
"20064244-5","Catalina.Agu@gmail.com"
"20085358-6","Macarena.Tor@outlook.com"
"20113042-4","Maria.Med@yahoo.com"
"20129193-1","Alex.Lop@yahoo.com"
"20139439-8","Lucas.Rom@gmail.com"
"20163212-7","Fernando.Gom@yahoo.com"
"20187328-1","Sofia.Mar@outlook.com"
"20199876-5","Alfredo.Per@gmail.com"
"20211889-7","Francisca.Aco@yahoo.com"
"20214213-3","Ivan.Sos@gmail.com"
"20217243-4","Isidora.Mar@gmail.com"
"20226010-9","Javier.San@yahoo.com"
"20254362-7","Camilo.Rui@outlook.com"
"20294955-1","Luis.Ben@outlook.com"
"20299661-1","Laura.Mol@gmail.com"
"20305893-5","Paulina.Per@yahoo.com"
"20309713-3","Macarena.Gut@yahoo.com"
"20319057-9","Camilo.Mar@gmail.com"
"20332018-5","Karla.Her@gmail.com"
"20337295-1","Diego.Per@gmail.com"
"20338419-1","Luis.Qui@yahoo.com"
"20392759-9","Diego.Per@outlook.com"
"20401942-7","Carlos.Nuñ@yahoo.com"
"20424724-2","Antonio.Gom@gmail.com"
"20441380-9","Andres.Roj@outlook.com"
"20473342-1","Camilo.San@yahoo.com"
"20486586-5","Isabel.Med@yahoo.com"
"20513198-8","Sofia.Lop@gmail.com"
"20535525-0","Raul.Mol@gmail.com"
"20545932-4","Rebeca.Gar@yahoo.com"
"20573095-8","Celeste.Rio@gmail.com"
"20579078-6","Camilo.Cas@yahoo.com"
"20623137-9","Julian.Mol@yahoo.com"
"20650469-3","Andres.Veg@gmail.com"
"20659036-2","Sofia.Aco@gmail.com"
"20667927-9","Lucas.Rui@gmail.com"
"20703144-9","Andrea.Mor@outlook.com"
"20708637-2","Nicole.Flo@yahoo.com"
"20710689-5","Camilo.Sos@outlook.com"
"20714095-5","Pablo.Lop@outlook.com"
"20761160-4","Julian.Per@yahoo.com"
"20762457-k","Felipe.Ram@gmail.com"
"20778624-8","Maria.Sil@outlook.com"
"20796416-9","Marisol.Per@outlook.com"
"20819150-8","Maria.Gut@outlook.com"
"20849721-8","Alex.Rui@gmail.com"
"20873789-0","Antonio.San@outlook.com"
"20877712-9","Ximena.Dia@gmail.com"
"20888178-k","Ivan.Veg@yahoo.com"
"20892590-3","Raul.Sua@gmail.com"
"20949049-6","Facundo.Gon@gmail.com"
"20961534-8","Natalia.Cas@outlook.com"
"8000583-3","Andrea.Sil@outlook.com"
"8032534-9","Francisca.Ram@outlook.com"
"8065301-k","Felipe.Bue@outlook.com"
"8073015-9","Isabel.Med@outlook.com"
"8073761-2","Rafael.Lop@gmail.com"
"8075594-k","Max.Sil@yahoo.com"
"8097853-5","Nicolas.Sos@outlook.com"
"8114563-0","Enrique.Agu@outlook.com"
"8128017-2","Esteban.Rio@yahoo.com"
"8134000-3","Ian.Mol@outlook.com"
"8147134-8","Isidora.Aco@yahoo.com"
"8179822-1","Valentina.Sil@outlook.com"
"8184407-6","Ignacio.Per@gmail.com"
"8184682-0","Facundo.Flo@outlook.com"
"8186644-4","Benjamin.Ben@outlook.com"
"8234237-7","Alex.Sua@outlook.com"
"8237412-6","Enrique.Alv@gmail.com"
"8252471-4","Julieta.Cas@gmail.com"
"8279987-1","Ricardo.Flo@gmail.com"
"8304051-8","Ximena.Aco@yahoo.com"
"8322641-9","Dylan.Cas@gmail.com"
"8369907-k","Bruno.Rio@gmail.com"
"8441542-7","Fernando.Nuñ@gmail.com"
"8485111-9","Julian.Rod@outlook.com"
"8520455-2","Enrique.Her@outlook.com"
"8545492-4","Elena.Bue@outlook.com"
"8560937-4","Ximena.Rod@yahoo.com"
"8571430-5","Carlos.Ram@outlook.com"
"8620047-9","Pablo.Sua@outlook.com"
"8620394-k","Andrea.Muñ@gmail.com"
"8644759-7","Ignacio.Mor@outlook.com"
"8649952-8","Bianca.Mol@outlook.com"
"8673706-8","Alan.Sua@outlook.com"
"8681925-k","Andres.Gom@yahoo.com"
"8685962-1","Isabel.Rom@gmail.com"
"8700222-4","Paulina.Sos@outlook.com"
"8712056-2","Pablo.Agu@yahoo.com"
"8740225-6","Celeste.Agu@yahoo.com"
"8799113-0","Joaquin.Ben@gmail.com"
"8826989-2","Alex.Roj@gmail.com"
"8863436-1","Luis.Gon@outlook.com"
"8891180-4","Maria.Nuñ@outlook.com"
"8926282-6","Pablo.Mor@yahoo.com"
"8927431-k","Alan.Muñ@yahoo.com"
"8943136-3","Marisol.Her@gmail.com"
"8981754-7","Bianca.Mar@gmail.com"
"8986755-6","Elena.Mol@yahoo.com"
"9040082-8","Carolina.Per@yahoo.com"
"9044598-1","Valeria.Per@outlook.com"
"9054608-5","Ivan.Gon@outlook.com"
"9055945-1","Marisol.Mor@gmail.com"
"9060547-7","Rafael.Tor@yahoo.com"
"9063641-3","Elena.Sos@outlook.com"
"9085331-7","Constanza.Ben@gmail.com"
"9085926-7","Valentina.Sil@yahoo.com"
"9094474-3","Ignacio.San@gmail.com"
"9130385-5","Luna.Agu@gmail.com"
"9136245-5","Dylan.Lop@yahoo.com"
"9152294-8","Pablo.Cas@yahoo.com"
"9201513-6","Rafael.Bue@outlook.com"
"9216496-2","Rebeca.Mol@yahoo.com"
"9255049-1","Ignacio.Ben@gmail.com"
"9261119-6","Marisol.Muñ@gmail.com"
"9266850-6","Maria.San@outlook.com"
"9269149-1","Nicolas.Rom@gmail.com"
"9286538-3","Rebeca.Ram@yahoo.com"
"9293347-5","Facundo.Veg@yahoo.com"
"9443932-4","Luna.Roj@outlook.com"
"9445879-6","Andrea.Lop@gmail.com"
"9459863-0","Elena.Med@gmail.com"
"9480303-3","Andrea.Rom@outlook.com"
"9510008-2","Antonio.Aco@gmail.com"
"9528123-5","Alfredo.Ram@gmail.com"
"9552104-1","Felipe.Per@yahoo.com"
"9563359-4","Ricardo.Med@outlook.com"
"9564504-k","Celeste.Muñ@outlook.com"
"9575995-k","Raul.Alv@yahoo.com"
"9596955-7","Julieta.Dia@outlook.com"
"9613633-k","Ximena.Qui@yahoo.com"
"9682633-8","Joaquin.Gut@yahoo.com"
"9691445-8","Facundo.Bue@outlook.com"
"9719816-2","Carlos.Sos@yahoo.com"
"9828461-8","Alan.Flo@outlook.com"
"9829004-8","Daniela.Bue@outlook.com"
"9907200-1","Ignacio.Med@outlook.com"
"9914406-k","Hugo.Mor@gmail.com"
"9937779-0","Ximena.Dia@gmail.com"
"9955773-7","Karla.Aco@gmail.com"
"9962953-2","Ignacio.Sua@outlook.com"
"9965544-2","Lucas.Muñ@outlook.com"
"9982043-6","Nicole.Rod@yahoo.com"
"9984013-9","Daniel.Sua@gmail.com"
"9995143-6","Dylan.Aco@yahoo.com"
"9997220-5","Bianca.Alv@gmail.com"
